Workbook

Sheet Module 1
A1: TEST CASE
A3: System Name: | B3: VoiceBridge AI - Multilingual Citizen Welfare Scheme Portal
A4: Module Code: | B4: MOD-01: User Authentication & Citizen Profile Management
A5: Test requirement: | B5: Verify citizen registration (5 mandatory fields), Supabase authentication, session handling, 8-field profile completion, dynamic age calculation from DOB, boundary validation, and localization.
A6: Pass | B6: =COUNTIF(E11:E30, "Pass") | C6: Pending | D6: =COUNTIF(E11:E30, "Pending")
A7: Fail | B7: =COUNTIF(E11:E30, "Fail") | C7: Number of test cases: | D7: =COUNTA(A11:A30)
A10: ID | B10: Test Case Description | C10: Expected Output | D10: Test Date | E10: Result | F10: Note
A11: TC-M1-01 | B11: Verify citizen registration with all 5 mandatory fields. Procedure: 1. Navigate to /signup page. 2. Enter Full Name: 'Rahul Sharma', Mobile: '9876543210', Email: 'rahul.sharma@example.com'. 3. Enter Password: 'SecurePass123' and Confirm Password: 'SecurePass123'. 4. Click 'Create Account'. | C11: Registration succeeds; Supabase Auth creates user record; initial profile row inserted into profiles table; success toast notification displayed; user redirected to dashboard. | D11: 2026-10-13 | E11: Pass | F11: Positive test; Section 3A 5-field registration verified.
A12: TC-M1-02 | B12: Verify registration form validation rejects mobile numbers with fewer than 10 digits. Procedure: 1. On /signup, enter Name: 'Priya Patil', Mobile: '987654321' (9 digits), valid email, matching passwords. 2. Click 'Create Account'. | C12: Form submission blocked; validation error 'Please enter a valid 10-digit mobile number' displayed below mobile input; no API request dispatched to Supabase Auth. | D12: 2026-10-13 | E12: Pass | F12: Negative input validation; 10-digit mobile regex check.
A13: TC-M1-03 | B13: Verify registration validation rejects malformed email formats. Procedure: 1. On /signup, enter valid Name and Mobile. 2. Enter invalid email 'amit.kumar@domain' (missing top-level domain). 3. Enter matching passwords and submit. | C13: Form validation catches RFC 5322 regex failure; error message 'Please enter a valid email address' displayed; submission aborted. | D13: 2026-10-13 | E13: Pass | F13: Negative test; email format regex validation.
A14: TC-M1-04 | B14: Verify registration enforces minimum password length of 6 characters. Procedure: 1. On /signup, fill valid Name, Mobile, and Email. 2. Enter Password: '12345' (5 characters) and Confirm Password: '12345'. 3. Click 'Create Account'. | C14: Submission fails with validation error 'Password must be at least 6 characters long'; password field highlighted in red; form submission blocked. | D14: 2026-10-13 | E14: Pass | F14: Boundary / security test; minimum password length.
A15: TC-M1-05 | B15: Verify registration rejects mismatched Password and Confirm Password entries. Procedure: 1. Fill valid Name, Mobile, and Email. 2. Enter Password: 'Pass@123' and Confirm Password: 'Pass@456'. 3. Click 'Create Account'. | C15: Validation error 'Passwords do not match' displayed; submission blocked; no network call to Supabase. | D15: 2026-10-13 | E15: Pass | F15: Negative test; password confirmation integrity.
A16: TC-M1-06 | B16: Verify system prevents duplicate account creation with an already-registered email. Procedure: 1. On /signup, fill registration form with existing email 'rahul.sharma@example.com'. 2. Provide unique mobile and valid password. 3. Submit form. | C16: Supabase Auth returns duplicate user error; UI displays user-friendly alert 'An account with this email already exists. Please log in instead.'; no duplicate record created. | D16: 2026-10-13 | E16: Pass | F16: Security & data integrity; unique email constraint.
A17: TC-M1-07 | B17: Verify registered citizen can log in successfully with valid credentials. Procedure: 1. Navigate to /login. 2. Enter Email: 'testuser@voicebridge.in' and Password: 'Voice@2026'. 3. Click 'Sign In'. | C17: Supabase Auth returns active JWT session token; AuthContext updates user state; user is redirected to /dashboard/overview; session stored in localStorage. | D17: 2026-10-13 | E17: Pass | F17: Positive test; core login authentication flow.
A18: TC-M1-08 | B18: Verify login displays user-friendly error message on incorrect password attempt. Procedure: 1. Navigate to /login. 2. Enter Email: 'testuser@voicebridge.in' and incorrect Password: 'WrongPassword999'. 3. Click 'Sign In'. | C18: Login fails; UI shows error alert 'Invalid login credentials'; password field cleared; user remains on login page without account enumeration. | D18: 2026-10-13 | E18: Pass | F18: Negative / security test; credential protection.
A19: TC-M1-09 | B19: Verify successful saving of all 8 mandatory citizen profile fields. Procedure: 1. Navigate to /dashboard/profile. 2. Enter Name: 'Sunita Deshmukh', DOB: '1994-06-20', Gender: 'Female', State: 'Maharashtra', District: 'Nashik', Occupation: 'Artisan', Annual Income: 180000, Category: 'OBC'. 3. Click 'Save Profile'. | C19: Profile data updated in Supabase profiles table; success notification shown; dynamic age displayed next to DOB; profile completion indicator updates to 100%. | D19: 2026-10-13 | E19: Pass | F19: Positive test; Section 3B 8-field profile requirement.
A20: TC-M1-10 | B20: Verify dynamic age calculation when birthday has occurred earlier in the current year. Procedure: 1. On Profile page, enter Date of Birth '1990-03-15' (March 15, 1990). 2. Trigger input blur or inspect calculated age display. | C20: Dynamic age calculated as exactly 36 years (2026 - 1990 = 36; birthday in March has passed); age badge displays '36 years'. | D20: 2026-10-13 | E20: Pass | F20: Verified in test_age_calculation.mjs (10/10 boundary tests passed).
A21: TC-M1-11 | B21: Verify dynamic age does not prematurely increment when birthday is tomorrow. Procedure: 1. Enter Date of Birth '1990-10-23' (October 23, 1990 - birthday tomorrow). 2. Evaluate calculated dynamic age. | C21: Dynamic age is calculated as exactly 35 years (not 36), confirming strict month/day check before incrementing. | D21: 2026-10-13 | E21: Pass | F21: Verified in test_age_calculation.mjs case 3.
... A24: TC-M1-14 | B24: Verify system rejects future dates entered as Date of Birth. Procedure: 1. Enter a future date '2030-01-01' in the Date of Birth field. 2. Click 'Save Profile'. | C24: Validation error displayed: 'Date of birth cannot be in the future'; calculateAge() returns null; profile submission prevented. | D24: 2026-10-13 | E24: Pass | F24: Verified in test_age_calculation.mjs case 5.
A25: TC-M1-15 | B25: Verify profile form prevents submission when mandatory fields (such as Annual Income) are omitted. Procedure: 1. Fill all profile fields except Annual Income. 2. Leave Annual Income field empty. 3. Click 'Save Profile'. | C25: Form highlights Annual Income field with validation message 'Annual income is required'; profile update is not dispatched to backend. | E25: Pending | F25: Pending manual UI validation on Profile form.
A26: TC-M1-16 | B26: Verify annual income of 0 INR is accepted as a valid boundary value for destitute citizens. Procedure: 1. Enter valid profile details. 2. Enter Annual Income as '0'. 3. Click 'Save Profile'. | C26: System accepts 0 INR without treating it as missing/falsy; saves 0 in Supabase annual_income column; profile saved successfully. | E26: Pending | F26: Boundary value test; BPL/destitute scheme eligibility.
A27: TC-M1-17 | B27: Verify profile form validation prevents negative annual income entries. Procedure: 1. Enter Annual Income '-50000'. 2. Click 'Save Profile'. | C27: Validation error 'Annual income cannot be negative' displayed; input blocked or reset; profile update rejected. | E27: Pending | F27: Negative input boundary test.
A28: TC-M1-18 | B28: Verify changing interface language dynamically updates Profile labels in Hindi and Marathi. Procedure: 1. Open Language Selector dropdown in top navigation. 2. Switch to 'हिन्दी (Hindi)'. Verify field labels. 3. Switch to 'मराठी (Marathi)'. Verify field labels. | C28: UI immediately re-renders with translated strings (e.g. 'वार्षिक आय', 'जन्म तारीख', 'लिंग'); state persisted in localStorage('vb_language'). | D28: 2026-10-13 | E28: Pass | F28: Localization verified; LanguageContext.tsx & translations.ts.
A29: TC-M1-19 | B29: Verify citizen profile data persists across page reloads and browser sessions. Procedure: 1. Refresh browser page (F5) or log out and log back in. 2. Navigate to /dashboard/profile. 3. Inspect pre-populated values in all 8 form inputs. | C29: profileService.getProfile() retrieves saved row from Supabase; all 8 inputs populate with saved values; dynamic age recalculates accurately. | D29: 2026-10-13 | E29: Pass | F29: Integration test; Supabase REST API & state hydration.
A30: TC-M1-20 | B30: Verify unauthenticated users are blocked from accessing protected /dashboard/* routes. Procedure: 1. Clear browser cookies and localStorage. 2. Directly type URL 'http://localhost:5173/dashboard/profile' into address bar. 3. Press Enter. | C30: ProtectedRoute detects unauthenticated state; user is redirected to /login with redirect query parameter; profile data is never rendered. | D30: 2026-10-13 | E30: Pass | F30: Security & access control test; React Router navigation guard.

Sheet Module 2
A1: TEST CASE
A3: System Name: | B3: VoiceBridge AI - Multilingual Citizen Welfare Scheme Portal
A4: Module Code: | B4: MOD-02: Multilingual Speech-to-Text & NLP Profile Extraction
A5: Test requirement: | B5: Verify Whisper Small ASR speech-to-text in English, Hindi, and Marathi; multilingual NER extraction (CRF, XLM-RoBERTa, Marathi BERT); date & income normalizers; false-positive prevention; and multi-turn dialogue merging.
A6: Pass | B6: =COUNTIF(E11:E30, "Pass") | C6: Pending | D6: =COUNTIF(E11:E30, "Pending")
A7: Fail | B7: =COUNTIF(E11:E30, "Fail") | C7: Number of test cases: | D7: =COUNTA(A11:A30)
A10: ID | B10: Test Case Description | C10: Expected Output | D10: Test Date | E10: Result | F10: Note
A11: TC-M2-01 | B11: Verify accurate speech-to-text transcription of spoken English voice query via Whisper Small model. Procedure: 1. Send POST /api/asr/transcribe with audio 'test_en.wav' containing 'My name is Rahul Sharma and I live in Thane.' and language='en'. 2. Inspect transcription payload. | C11: HTTP 200 OK; response contains {'transcript': 'My name is Rahul Sharma and I live in Thane.', 'language': 'en'}; transcription accurately matches spoken audio. | D11: 2026-10-13 | E11: Pass | F11: Verified using Whisper Small checkpoint in ai_service/main.py.
A12: TC-M2-02 | B12: Verify speech-to-text transcription of spoken Hindi voice query into Devanagari script. Procedure: 1. Send POST /api/asr/transcribe with audio 'ASR-HI-01.mp3' and language='hi'. 2. Verify transcription in Devanagari Hindi. | C12: HTTP 200 OK; response transcript correctly transcribes spoken Hindi ('मेरा नाम राहुल है और मैं ठाणे में रहता हूँ।') in Devanagari script; language detected as 'hi'. | D12: 2026-10-15 | E12: Pass | F12: Verified in evaluate_asr_benchmarks.py.
A13: TC-M2-03 | B13: Verify speech-to-text transcription of spoken Marathi voice query into Marathi text. Procedure: 1. Send POST /api/asr/transcribe with audio 'ASR-MR-01.mp3' and language='mr'. 2. Verify transcription output. | C13: HTTP 200 OK; transcript faithfully captures spoken Marathi words with dialectal inflections ('माझे नाव राहुल आहे आणि मी ठाणे जिल्ह्यात राहतो.'); language set to 'mr'. | D13: 2026-10-15 | E13: Pass | F13: Verified in evaluate_asr_benchmarks.py.
A14: TC-M2-04 | B14: Verify ASR service gracefully handles silent audio recordings without crashing. Procedure: 1. Record 3 seconds of complete room silence (near-zero amplitude WAV). 2. Post audio to /api/asr/transcribe. | C14: Service returns HTTP 200 with empty transcript {'transcript': ''} or message 'No audible speech detected; please speak into your microphone again.' | E14: Pending | F14: Edge test; audio silence threshold.
A15: TC-M2-05 | B15: Verify ASR endpoint rejects corrupt or non-audio file payloads. Procedure: 1. Send POST /api/asr/transcribe with a dummy text file renamed as 'audio.wav'. 2. Inspect error response. | C15: Service returns HTTP 400 Bad Request with error detail 'Invalid or corrupt audio format. Please provide a valid WAV, MP3, or WebM audio file.' | E15: Pending | F15: Negative input validation; audio MIME type enforcement.
A16: TC-M2-06 | B16: Verify extraction of all 8 profile slots from a single comprehensive English utterance. Procedure: 1. Send POST /api/nlp/extract with benchmark text: 'My name is Rahul Sharma. I was born on 15 August 2002. I am male, I live in Maharashtra in Thane district, I am a student, my annual income is around two lakh rupees, and I belong to the OBC category.' and language='en'. | C16: full_name: 'Rahul Sharma', date_of_birth: '2002-08-15', gender: 'Male', state: 'Maharashtra', district: 'Thane', occupation: 'Student', annual_income: 200000, category: 'OBC', is_complete: true, missing_fields: []. | D16: 2026-10-15 | E16: Pass | F16: Verified in test_regression_suite.py Case 9.
A17: TC-M2-07 | B17: Verify extraction of profile slots from Hindi natural language utterance using XLM-RoBERTa NER model. Procedure: 1. Send POST /api/nlp/extract with text: 'मेरा जन्म 1986 में हुआ था और मेरी वार्षिक आय दो लाख रुपये है। मैं ठाणे जिले में रहता हूँ।' and language='hi'. 2. Inspect extracted slots. | C17: date_of_birth: '1986-01-01', annual_income: 200000, district: 'Thane', state: 'Maharashtra', full_name: null (pronouns not falsely tagged as name). | D17: 2026-10-15 | E17: Pass | F17: Verified in test_regression_suite.py Case 2.
A18: TC-M2-08 | B18: Verify extraction of profile slots from Marathi natural language utterance using Marathi BERT NER model. Procedure: 1. Send POST /api/nlp/extract with text: 'माझा जन्म १९८६ मध्ये झाला आणि माझे वार्षिक उत्पन्न दोन लाख रुपये आहे. मी ठाणे जिल्ह्यात राहतो.' and language='mr'. 2. Inspect extracted slots. | C18: date_of_birth: '1986-01-01', annual_income: 200000, district: 'Thane', state: 'Maharashtra', Devanagari numerals parsed accurately. | D18: 2026-10-15 | E18: Pass | F18: Verified in test_regression_suite.py Case 3.
A19: TC-M2-09 | B19: Verify spoken 4-digit birth year is correctly normalized to standard ISO date YYYY-01-01. Procedure: 1. Send text 'I was born in 1986 and I am a farmer.' to /api/nlp/extract. 2. Check date_of_birth field in response. | C19: date_of_birth is normalized to '1986-01-01' with birth year parsed accurately. | D19: 2026-10-15 | E19: Pass | F19: Verified in test_regression_suite.py Case 1 & normalizers.py.
A20: TC-M2-10 | B20: Verify slash-delimited date ('15/08/1990') is normalized to ISO standard YYYY-MM-DD. Procedure: 1. Send text 'I was born on 15/08/1990 and my annual income is 350000 rupees.' to /api/nlp/extract. 2. Check date_of_birth output. | C20: date_of_birth is normalized to '1990-08-15', annual_income is 350000. | D20: 2026-10-15 | E20: Pass | F20: Verified in test_regression_suite.py Case 6.
A21: TC-M2-11 | B21: Verify spoken verbal words ('two lakh rupees' / 'दो लाख') are converted to numeric integer INR. Procedure: 1. Send text 'My annual income is two lakh rupees.' to /api/nlp/extract. 2. Check annual_income field value. | C21: annual_income is parsed as numeric integer 200000 (not string 'two lakh'). | D21: 2026-10-15 | E21: Pass | F21: Verified in test_regression_suite.py Cases 1, 2, 3.
A22: TC-M2-12 | B22: Verify monthly salary phrases ('monthly salary is 20,000 rupees') are converted to annual income (20,000 * 12 = 240,000). Procedure: 1. Send text 'my monthly salary is 20,000 rupees' to /api/nlp/extract. 2. Check annual_income calculation. | C22: annual_income returns 240000 (computed as monthly amount * 12). | D22: 2026-10-15 | E22: Pass | F22: Verified in test_regression_suite.py Case 5.
A23: TC-M2-13 | B23: Verify text mentioning 'rupees' without a state does NOT falsely classify state as 'Uttar Pradesh'. Procedure: 1. Send text 'My income is 50000 rupees. I am a student.' to /api/nlp/extract. 2. Check state in response. | C23: state is null (None); state must NOT be 'Uttar Pradesh'; annual_income is 50000. | D23: 2026-10-15 | E23: Pass | F23: Verified in test_regression_suite.py Case 4 (bug regression test).
A24: TC-M2-14 | B24: Verify Hindi/Marathi personal pronouns ('मैं', 'मी') are not extracted as citizen's name. Procedure: 1. Send text 'मैं महाराष्ट्र में रहता हूँ और खेती करता हूँ।' to /api/nlp/extract. 2. Inspect full_name in response. | C24: full_name is null; occupation is 'Farmer'; state is 'Maharashtra'. | D24: 2026-10-15 | E24: Pass | F24: Verified in test_regression_suite.py Case 8 (bug regression test).
A25: TC-M2-15 | B25: Verify grammatical district inflections ('मी पुणे जिल्हा येथे राहतो', 'मैं नागपूर जिले से हूँ') map to canonical district and state. Procedure: 1. Send Marathi text 'मी पुणे जिल्हा येथे राहतो' to /api/nlp/extract. 2. Send Hindi text 'मैं नागपूर जिले से हूँ' to /api/nlp/extract. | C25: In query 1, district is 'Pune' and state is 'Maharashtra'; in query 2, district is 'Nagpur' and state is 'Maharashtra'. | D25: 2026-10-15 | E25: Pass | F25: Verified in test_regression_suite.py Case 7.
A26: TC-M2-16 | B26: Verify Turn 1 partial utterance flags is_complete: false and identifies exact missing profile fields. Procedure: 1. Send Turn 1 text: 'My name is Amit. I live in Pune and I am a farmer.' 2. Inspect is_complete and missing_fields list. | C26: is_complete is false; missing_fields contains ['date_of_birth', 'gender', 'annual_income', 'category']; prompt suggests asking for missing info. | D26: 2026-10-15 | E26: Pass | F26: Verified in test_regression_suite.py Case 10 Turn 1.
A27: TC-M2-17 | B27: Verify Turn 2 follow-up response seamlessly merges newly provided slots into Turn 1 profile without overwriting existing data. Procedure: 1. Send Turn 2 payload with previous_profile and text: 'I was born on 10/05/1995 and my income is 150000 rupees. I belong to General category and male.' 2. Inspect merged extracted_fields. | C27: Final profile retains full_name: 'Amit', district: 'Pune', occupation: 'Farmer' and incorporates date_of_birth: '1995-05-10', annual_income: 150000, category: 'General', gender: 'Male'; is_complete: true. | D27: 2026-10-15 | E27: Pass | F27: Verified in test_regression_suite.py Case 10 Turn 2.
A28: TC-M2-18 | B28: Verify transcribed and extracted slots automatically populate the interactive Review Card on AssistantPage. Procedure: 1. Record or type complete profile sentence in Assistant input bar. 2. Click Send / Process. 3. Observe the 'Profile Review Card' displayed by the Assistant. | C28: Review Card displays extracted chips for all 8 fields with 'Confirm & Save Profile' button; user can edit any field directly before saving. | E28: Pending | F28: Pending end-to-end browser UI automation.
A29: TC-M2-19 | B29: Verify /api/nlp/extract returns proper validation error on empty or whitespace text payload. Procedure: 1. Send POST /api/nlp/extract with payload {'text': ' ', 'language': 'en'}. 2. Inspect response status code and body. | C29: HTTP 400 Bad Request returned with message 'Input text cannot be empty'; service remains stable without uncaught exceptions. | D29: 2026-10-15 | E29: Pass | F29: API input validation verified in main.py.
A30: TC-M2-20 | B30: Verify neural Indic Parler-TTS speech synthesis endpoint execution against installed host environment. Procedure: 1. Invoke POST /api/tts/synthesize with text and language='hi'. 2. Inspect model loading and response status. | C30: Endpoint fails to synthesize audio due to parler-tts 0.2.2 dependency pin (requires transformers<=4.46.1; host runs transformers 5.14.1); returns 503 fallback notice. | D30: 2026-10-13 | E30: Fail | F30: Blocked by transformers 5.x dependency conflict; browser Web Speech API active as fallback.

Sheet Module 3
A1: TEST CASE
A3: System Name: | B3: VoiceBridge AI - Multilingual Citizen Welfare Scheme Portal
A4: Module Code: | B4: MOD-03: Scheme Eligibility, Document OCR Verification & Application PDF Generation
A5: Test requirement: | B5: Verify multi-criteria scheme eligibility engine (dynamic age, income ceiling, occupation synonyms, gender, state jurisdiction); document upload & OCR extraction; match vs discrepancy validation; and application wizard PDF generation with disclaimers.
A6: Pass | B6: =COUNTIF(E11:E30, "Pass") | C6: Pending | D6: =COUNTIF(E11:E30, "Pending")
A7: Fail | B7: =COUNTIF(E11:E30, "Fail") | C7: Number of test cases: | D7: =COUNTA(A11:A30)
A10: ID | B10: Test Case Description | C10: Expected Output | D10: Test Date | E10: Result | F10: Note
A11: TC-M3-01 | B11: Verify citizen profile meeting all age, income, category, and occupation rules evaluates as 'eligible'. Procedure: 1. Evaluate citizen profile: Age 42, Occupation 'Farmer', Income 1,20,000 INR, State 'Maharashtra'. 2. Invoke checkEligibility(profile, pmKisanScheme). | C11: Result returns status: 'eligible'; reasons list confirms applicant meets farmer occupation and income limits; scheme appears under 'Eligible Schemes' list. | D11: 2026-10-14 | E11: Pass | F11: Verified in eligibilityService.ts for PM-Kisan.
A12: TC-M3-02 | B12: Verify citizen profile exceeding scheme's income cap is evaluated as 'not_eligible' with clear explanation. Procedure: 1. Evaluate citizen profile: Occupation 'Student', Category 'OBC', Annual Income 3,50,000 INR. 2. Invoke checkEligibility(profile, obcScholarshipScheme with income cap 2,50,000 INR). | C12: Result returns status: 'not_eligible'; reasons contain: 'Not eligible: annual income ₹3,50,000 exceeds maximum permitted limit of ₹2,50,000.' | D12: 2026-10-14 | E12: Pass | F12: Verified in eligibilityService.ts income ceiling filter.
A13: TC-M3-03 | B13: Verify citizen whose dynamic age is exactly at the minimum required age boundary is evaluated as eligible. Procedure: 1. Provide profile with dynamic age = 18. 2. Evaluate eligibility against scheme requiring age_min: 18. | C13: Result evaluates age criteria as satisfied (18 >= 18); applicant marked as eligible. | D13: 2026-10-14 | E13: Pass | F13: Boundary value test; minimum age condition.
A14: TC-M3-04 | B14: Verify citizen whose dynamic age is exactly at the maximum allowable age limit is evaluated as eligible. Procedure: 1. Provide profile with dynamic age = 35. 2. Evaluate eligibility against scheme with age_max: 35. | C14: Result evaluates age criteria as satisfied (35 <= 35); applicant is marked eligible. | D14: 2026-10-14 | E14: Pass | F14: Boundary value test; maximum age limit condition.
A15: TC-M3-05 | B15: Verify citizen with age below minimum or exceeding maximum allowed age is evaluated as 'not_eligible'. Procedure: 1. Test Profile A with dynamic age 16 (underage). 2. Test Profile B with dynamic age 34 (overage) against scheme requiring 18 <= Age <= 29. | C15: Both profiles return status: 'not_eligible'; reasons explain 'Current age 16 is below minimum 18' and 'Current age 34 exceeds maximum 29' respectively. | D15: 2026-10-14 | E15: Pass | F15: Negative / boundary test; age range filter.
A16: TC-M3-06 | B16: Verify male citizen profile evaluated against a female-only scheme returns 'not_eligible'. Procedure: 1. Citizen profile has Gender: 'Male'. 2. Evaluate eligibility against Mahila Samman / Sukanya Samriddhi Scheme. | C16: Result returns status: 'not_eligible'; reason specifies 'Scheme is reserved exclusively for female applicants.' | D16: 2026-10-14 | E16: Pass | F16: Demographic rule filter; gender criteria.
A17: TC-M3-07 | B17: Verify regional occupation synonyms ('Kisan', 'Shetkari', 'Krishi') correctly map to canonical 'Farmer' for PM-Kisan. Procedure: 1. Evaluate profile with occupation: 'Shetkari' against PM-Kisan scheme. 2. Verify occupation matching logic in normalizeOccupation(). | C17: normalizeOccupation('Shetkari') returns 'farmer'; occupation check succeeds; citizen evaluated as eligible. | D17: 2026-10-14 | E17: Pass | F17: Verified in normalizeOccupation() in eligibilityService.ts.
A18: TC-M3-08 | B18: Verify citizen residing in a different state is evaluated as ineligible for state-specific schemes. Procedure: 1. Citizen profile has State: 'Gujarat'. 2. Evaluate against Maharashtra-only scheme (state_applicable: 'Maharashtra'). | C18: Status returns 'not_eligible'; reason states 'Scheme is only available for residents of Maharashtra (applicant state: Gujarat).' | D18: 2026-10-14 | E18: Pass | F18: Regional jurisdiction boundary test.
A19: TC-M3-09 | B19: Verify successful upload of a valid Aadhaar Card PDF document to citizen's document vault. Procedure: 1. Select Document Type: 'Aadhaar Card'. 2. Choose valid PDF file 'aadhaar_sample.pdf' (size 250 KB). 3. Click 'Upload Document'. | C19: Document uploaded to backend storage (uploads/documents/); document metadata record created in database; status updates to 'uploaded'; preview icon visible. | D19: 2026-10-15 | E19: Pass | F19: Verified in test_regression_suite.py Case 12.
A20: TC-M3-10 | B20: Verify system blocks upload of non-permitted file extensions (e.g., .exe, .bat, .txt). Procedure: 1. Attempt to upload 'malicious_script.exe' or 'document.txt'. 2. Click Upload. | C20: Upload rejected immediately; client-side toast 'Invalid file type. Only PDF, JPG, and PNG files are accepted.' displayed; file input cleared. | E20: Pending | F20: Security validation; MIME type enforcement.
A21: TC-M3-11 | B21: Verify system rejects files that exceed the maximum permissible size limit of 10 MB. Procedure: 1. Select a high-resolution PDF 'heavy_scan.pdf' with file size 12.5 MB. 2. Attempt upload. | C21: File selection intercepted; error displayed: 'File size exceeds 10 MB limit. Please compress your document before uploading.'; upload aborted. | E21: Pending | F21: Boundary value test; upload file size ceiling.
A22: TC-M3-12 | B22: Verify automated OCR comparison marks document as 'verified' when extracted Name and DOB match citizen profile. Procedure: 1. Upload synthetic Aadhaar PDF containing text 'Name: Rahul Sharma', 'DOB: 15/08/2002'. 2. Trigger OCR extraction via /api/ocr/extract-pdf. 3. Inspect verification object in response. | C22: status: 'verified', name_match: true, dob_match: true; UI displays green verified badge with checkmark. | D22: 2026-10-15 | E22: Pass | F22: Verified in test_regression_suite.py Case 11 Synthetic PDF 1.
A23: TC-M3-13 | B23: Verify document is flagged as 'needs_review' when OCR extracted name differs from citizen profile name. Procedure: 1. Upload Aadhaar PDF containing text for 'Rahul Sharma' while citizen profile is 'Sunil Verma'. 2. Trigger OCR verification. | C23: status: 'needs_review', name_match: false; discrepancy alert shown: 'Name on document (Rahul Sharma) does not match profile name (Sunil Verma).' | D23: 2026-10-15 | E23: Pass | F23: Verified in test_regression_suite.py Case 11 Synthetic PDF 2.
A24: TC-M3-14 | B24: Verify Aadhaar cards containing only 'Year of Birth' are flagged with year_only: true and needs_review. Procedure: 1. Upload synthetic Aadhaar containing 'Year of Birth: 2002' (missing day and month). 2. Trigger OCR verification. | C24: status: 'needs_review', year_only: true, dob_match: false; detail warning explains 'Document displays birth year only (2002); exact day and month require manual verification.' | D24: 2026-10-15 | E24: Pass | F24: Verified in test_regression_suite.py Case 11 Synthetic PDF 3.
A25: TC-M3-15 | B25: Verify blank or heavily degraded document images are safely handled with status: unreadable. Procedure: 1. Upload blank 1x1 pixel image or corrupt document. 2. Trigger OCR extraction. | C25: OCR returns status: 'unreadable' with error message 'Could not extract legible text from document. Please upload a clearer scan or photo.'; does not throw unhandled exception. | E25: Pending | F25: Negative / robustness test; degraded image handling.
A26: TC-M3-16 | B26: Verify launching application wizard for an eligible scheme automatically prefills all confirmed profile fields into official form. Procedure: 1. Navigate to /dashboard/applications. 2. Select PM-Kisan scheme and click 'Apply Now'. 3. Navigate through Wizard Step 1 (Profile) and Step 5 (Official Form). | C26: Wizard form inputs (Full Name, DOB, Gender, State, District, Mobile, Category) are pre-filled with confirmed profile data; calculated dynamic age displayed. | D26: 2026-10-14 | E26: Pass | F26: Verified in ApplicationsPage.tsx wizard pre-fill.
A27: TC-M3-17 | B27: Verify client-side PDF generator produces formatted official application summary document. Procedure: 1. On Review step, click 'Generate Application PDF'. 2. Check browser download event and inspect generated PDF file. | C27: PDF generated using jspdf; contains VoiceBridge AI header, Scheme Title, Applicant Details (8 fields + dynamic age), required documents checklist, and timestamp. | D27: 2026-10-14 | E27: Pass | F27: Verified in pdfService.ts client-side PDF generator.
A28: TC-M3-18 | B28: Verify generated application PDF and application UI prominently feature official portal submission disclaimer and external portal link. Procedure: 1. Inspect footer of generated PDF. 2. Inspect UI banner on /dashboard/applications. | C28: PDF and UI explicitly state: 'VoiceBridge AI provides guidance and pre-filled application forms. Final submission must be completed on the official government portal: https://pmkisan.gov.in/'; official link is clickable. | D28: 2026-10-14 | E28: Pass | F28: Verified in pdfService.ts compliance disclaimers.
A29: TC-M3-19 | B29: Verify generating application persists a record with status: submitted in Supabase applications table. Procedure: 1. Complete application generation wizard. 2. Query Supabase applications table for user_id and scheme_id. | C29: Supabase applications table contains new record with user ID, scheme ID, serialized form data, and creation timestamp; returns HTTP 201. | D29: 2026-10-14 | E29: Pass | F29: Verified in applicationService.ts createApplication.
A30: TC-M3-20 | B30: Verify citizen's Applications dashboard displays updated list of submitted applications with real-time status badges. Procedure: 1. Navigate to /dashboard/applications. 2. Inspect 'My Applications' summary table. | C30: Dashboard displays card/table row with Scheme Name, Submission Date, 'Submitted' status badge (blue/green), and 'Download PDF' action button. | E30: Pending | F30: Pending end-to-end dashboard integration test.

Sheet TEST REPORT
B1: TEST REPORT
B3: Project Name: | C3: VoiceBridge AI - Multilingual Citizen Welfare Scheme Portal
B4: Date: | C4: 2026-10-22
B5: Note: | C5: Comprehensive verification across dynamic age calculation, multilingual ASR & NER models, Supabase integration, and application PDF workflow.
B7: No | C7: Module Code / Module Name | D7: Pass | E7: Fail | F7: Pending | G7: Total Test Cases
B8: 1 | C8: ='Module 1'!B4 | D8: ='Module 1'!B6 | E8: ='Module 1'!B7 | F8: ='Module 1'!D6 | G8: ='Module 1'!D7
B9: 2 | C9: ='Module 2'!B4 | D9: ='Module 2'!B6 | E9: ='Module 2'!B7 | F9: ='Module 2'!D6 | G9: ='Module 2'!D7
B10: 3 | C10: ='Module 3'!B4 | D10: ='Module 3'!B6 | E10: ='Module 3'!B7 | F10: ='Module 3'!D6 | G10: ='Module 3'!D7
C11: Sub total | D11: =SUM(D8:D10) | E11: =SUM(E8:E10) | F11: =SUM(F8:F10) | G11: =SUM(G8:G10)
C13: Test coverage (%) | E13: =IF(G11>0, (D11+E11)*100/G11, 0) | F13: %
C14: Test successful coverage (%) | E14: =IF(G11>0, D11*100/G11, 0) | F14: %
C15: Total test cases | E15: =G11
C16: Passed test cases | E16: =D11
C17: Failed test cases | E17: =E11
C18: Pending test cases | E18: =F11
C19: Test execution percentage | E19: =IF(G11>0, (D11+E11)/G11, 0)
C20: Test pass percentage among executed cases | E20: =IF((D11+E11)>0, D11/(D11+E11), 0)
